<?xml version='1.0' encoding='UTF-8'?>

<!-- =========== FULL CONFIGURATION FILE ================================== -->

<faces-config version="1.2" 
    xmlns="http://java.sun.com/xml/ns/javaee" 
    xmlns:xsi="http://www.w3.org/2001/XMLSchema-instance" 
    xsi:schemaLocation="http://java.sun.com/xml/ns/javaee http://java.sun.com/xml/ns/javaee/web-facesconfig_1_2.xsd">
    
    <managed-bean>
        <managed-bean-name>ManagedBeanSession</managed-bean-name>
        <managed-bean-class>ManagedBeanSession</managed-bean-class>

        <managed-bean-scope>session</managed-bean-scope></managed-bean>

    <managed-bean>
        <managed-bean-name>ManagedBeanRequest</managed-bean-name>
        <managed-bean-class>ManagedBeanRequest</managed-bean-class>



        <managed-bean-scope>request</managed-bean-scope>
        <managed-property>
            <property-name>mbs</property-name>
            <value>#{ManagedBeanSession}</value>
        </managed-property></managed-bean>
    <navigation-rule>
        <from-view-id>/welcomeJSF.jsp</from-view-id>
        <navigation-case>
            <from-outcome>r</from-outcome>
            <to-view-id>/new.jsp</to-view-id>
        </navigation-case>
    </navigation-rule>
    <navigation-rule>
        <from-view-id>/new.jsp</from-view-id>
        <navigation-case>
            <from-outcome>once more</from-outcome>
            <to-view-id>/welcomeJSF.jsp</to-view-id>
        </navigation-case>
    </navigation-rule>
</faces-config>



